{
  "n_test": 99,
  "mae_model": 2.069561401467131,
  "mae_rw": 1.9987878787878797,
  "rmse": 2.8008043158518756,
  "mape_model": 2.963197260905535,
  "dir_acc": 47.474747474747474,
  "r_corr": 0.09717393389490152,
  "beat_rw": false,
  "pct_vs_rw": -3.540822086742402,
  "nll": 1.2717268977846419,
  "coverage_95": 94.94949494949495,
  "crps_approx": 0.005994893153161574,
  "y_var_mean": 0.8906737565994263
}