dropout,seed,dir_acc,mae,rmse,mape,return_corr,vs_rw_pct
0.3,42,57.14285714285714,2.7695922688586383,3.848988587801983,3.915445321975334,0.26657805474830754,5.741219943550841
0.3,123,63.8095238095238,2.787614288591203,4.135129604601347,3.958814438673994,0.2323692573454826,5.1278684357331015
0.3,2024,64.76190476190476,2.6696477318093894,3.8693383451865624,3.774129070529232,0.2597122871095939,9.14267734993329
