{
  "unified_metrics": {
    "R2_return": -0.02668178081512451,
    "MAE_return": 0.04072118178009987,
    "RMSE_return": 0.058174774050712585,
    "DA": 66.66666666666666,
    "r_corr": 0.27675492920224465,
    "MAE_price": 2.8809591352217137,
    "RMSE_price": 4.042620560104559,
    "MAPE": 4.0943023105987155,
    "n_samples": 99
  },
  "PT_test": {
    "DA": 0.6666666666666666,
    "P(y>0)": 0.494949494949495,
    "P(pred>0)": 0.5656565656565656,
    "P_star(random)": 0.49933680236710537,
    "PT_stat": 3.3058538992731212,
    "p_value": 0.0004734372281550714,
    "significant_5pct": "True",
    "significant_1pct": "True"
  },
  "realistic_backtest": {
    "total_return_pct": 223.19699096679688,
    "annual_return_pct": 117.23477935791016,
    "annual_vol_pct": 40.37323000268617,
    "sharpe": 2.9037750843841357,
    "max_drawdown_pct": 37.37447738647461,
    "final_capital": 323.1969909667969,
    "n_trades": 99
  },
  "original_metrics": {
    "n_test": 99,
    "mae_model": 2.8809591352217137,
    "mae_rw": 2.9626262626262645,
    "rmse": 4.042620560104559,
    "mape_model": 4.0943023105987155,
    "mape_rw": 4.164972339581683,
    "dir_acc": 66.66666666666666,
    "r_corr": 0.27675492920224465,
    "beat_rw": true,
    "pct_vs_rw": 2.7565787974942135
  }
}