,To_R1,To_R2,To_R3
From_R1,0.2428697212638084,0.1175566444913905,0.6395736342448012
From_R2,0.13743802157155074,0.6930532794895995,0.1695086989388498
From_R3,0.48831865962035614,0.06359828309480191,0.448083057284842
