{"mean": [0.0005221565576928995, 0.0005118074666085303, 0.00029478151537637323, -0.00016488444718743507, 0.00013610058051740214, 3.1719304917899936e-05, -2.877646142215861e-05, -7.013444973048902e-05, 0.0014085937898156932, 0.0015917615354400535, 0.00041530818953797616, 0.0003355789886080778, 0.0004657764770494123, 0.0023764922459996495, 0.03240510948905102, 0.0038777372262773675, 0.005529197080291979, 0.01179744525547446, 0.0008211678832116808, -2.2810218978105754e-06, -0.0016532846715328574, 2.7372262773722905e-05, 0.0033348540145985476, 0.0006843065693430527, -0.3033302919707953, -0.10715328467153311, 0.002518248175182504, 0.03329887495437952, 0.0005793795620438003, -0.5575729927007439, 0.041561131386861266, -3.649635036494267e-05, 5.476454607375751e-05, 0.00011985470435065265, 6.2612870183335775e-06, -1.0251567494938563e-06, -1.601966316079374e-05, 1.2909643709203053e-06, 6.0335383972815495e-05, 1.315655320017046e-05, -5.42601760020709e-05, -6.634875423092957e-05, 0.00018771626688772914, 0.00028016063141847805, -0.00013579617564315054, -9.891367583698446e-05, -0.00415717053343007, 0.001685500179653956, 0.0066012773722627606, -0.011938868613138707, 0.000491572091008919], "var": [0.01205393033663306, 0.011842671596124699, 0.0129166403880817, 0.0001325821026399766, 0.0004567600090988781, 0.04208238258125322, 0.0004791563412388984, 0.0012118325990456424, 0.0020550013790130222, 0.0023959953545225877, 0.04739879853295834, 0.014045252189210192, 0.012907837133817037, 0.0665911889425196, 605.6222190767622, 4.5579492542123985, 108.04175318710372, 121.29406492612488, 131.14824166144973, 0.014112961281293296, 9.301583485180268, 0.1489776452361607, 3.2113920037487014, 7.321422889388753, 2193243.597309985, 41832.82429335605, 67.50343179711227, 458.59825155685485, 111.56789042618065, 49651515.74368353, 1617.1116713379602, 11.881777507792107, 0.03112458617256098, 0.032196089907867785, 0.032718533502731593, 0.0003024319912423886, 0.001157499327527881, 0.21337928504335757, 0.001295901585912329, 0.0031855830931109236, 0.005006162194028489, 0.005833719287584743, 0.15829275884020647, 0.03958819228022182, 0.03227810914772687, 0.2520547437900735, 14.925499631734965, 16.839559165370407, 114.0993449495969, 95.20673298805126, 0.0016998870749323585], "scale": [0.1097903927337591, 0.10882403960579987, 0.11365139853112984, 0.011514430191719285, 0.021371944438887118, 0.205139909771973, 0.021889640043611918, 0.03481138605464658, 0.04533212303668362, 0.04894890554979332, 0.21771265129284137, 0.11851266678802816, 0.11361266273535287, 0.2580526863695079, 24.609392903457863, 2.1349354215555087, 10.394313502444676, 11.013358476238066, 11.451997278267653, 0.1187979851735428, 3.0498497479679663, 0.3859762236668998, 1.792035714975765, 2.7058127964419034, 1480.9603631799148, 204.53074168289726, 8.21604721244421, 21.41490722736979, 10.562570256626966, 7046.383167532371, 40.21332703641866, 3.4469954319366463, 0.1764216148111137, 0.17943268907272103, 0.18088265119334024, 0.017390571906708202, 0.03402204178952053, 0.461929956858567, 0.03599863311172147, 0.056440969987332106, 0.07075423799341272, 0.07637878820447953, 0.39786022525531056, 0.1989678171972086, 0.1796610952536104, 0.5020505390795567, 3.8633534179175175, 4.1036031929720505, 10.68172949243693, 9.757393760018669, 0.041229686815841306]}