{
  "n_test": 99,
  "mae_model": 2.136675726416136,
  "mae_rw": 1.9987878787878797,
  "rmse": 2.815278531927393,
  "mape_model": 3.05657849655318,
  "dir_acc": 44.44444444444444,
  "r_corr": 0.0322251312447904,
  "beat_rw": false,
  "pct_vs_rw": -6.898573334949147
}