window,start,end,mae_hmm_lstm,da_hmm_lstm
1,0,900,27.552570417317746,56.99999999999999
2,50,950,16.49236315476894,63.0
3,100,1000,8.76410762883425,60.0
