{
  "n_test": 105,
  "mae_model": 2.833999259097236,
  "mae_rw": 2.938285714285715,
  "rmse": 4.113777518144158,
  "mape_model": 4.023458852966966,
  "mape_rw": 4.122639938394017,
  "dir_acc": 66.66666666666666,
  "r_corr": 0.2519165093381497,
  "beat_rw": true,
  "pct_vs_rw": 3.5492278603624703
}