window,dm_stat,p_value,nw_lag
1,-1.134641207497309,0.2565256801160647,8
2,-1.146457676811385,0.25160582960746547,8
3,-2.3280092450849525,0.019911612761196462,8
4,-2.7986795982935746,0.005131202494763398,8
5,-2.3436215711207637,0.0190975372695128,8
6,-2.2189758104951407,0.026488370247019555,8
7,-2.621923775807124,0.008743498403467331,8
8,-2.707768934151652,0.006773716502269211,8
