window,dm_stat,p_value
1,-1.1855905466221557,0.23862193956114597
2,-1.278009677803579,0.20423445790232408
3,-6.593105700280113,2.1196742139295566e-09
4,-4.813308544795272,5.331431777833018e-06
5,-3.7399321703669326,0.0003085048124324974
6,-3.1278792995994875,0.002312614752807418
7,-4.770915641097708,6.328530978150226e-06
