{"mean": [0.0004369809047251764], "var": [0.012614469683326813], "scale": [0.11231415620181996]}